"目的基因","处理","fold_change","mean","sd","se","pvalue","significance"
"A","CK",1.47160672513004,1.13874935454611,0.539735697498436,0.179911899166145,0.0148313207336263,"b"
"A","处理1",1.12627864923207,2.69914533954424,1.99444273138044,0.664814243793479,0.0148313207336263,"a"
"A","处理2",1.62403987391989,1.07506727648912,0.509406557219091,0.169802185739697,0.0148313207336263,"b"
